"","baseMean","log2FoldChange","lfcSE","stat","pvalue","padj"
"g1",114952.281203975,2.161849763367,0.340268395696385,6.35336631526595,2.10653264256812e-10,2.17495282279873e-08
"g2",142.075021545318,2.03070510150386,0.449039829291305,4.52232735058003,6.11633706287782e-06,0.000247952712141894
"g3",63155.3846595381,3.49472382084435,0.470245546332423,7.43169998759305,1.07210751047493e-13,1.75147082660627e-11
"g4",17234.3615802676,1.71694696252564,0.490639492821318,3.49940636179266,0.000466295350723435,0.0111858880974659
"g5",126443.965372979,1.73755089178759,0.252667432688458,6.87682964638347,6.11992198617887e-12,7.82016961917074e-10
"g9",272.614489401673,1.85886662762775,0.532122179381542,3.4933079274918,0.000477076042598499,0.0114232475935783
"g10",1048.30588026167,0.614503248090047,0.177079002428844,3.4702208599632,0.000520030563227586,0.0121806069855086
"g20",1167.74335018495,1.35584699152843,0.434040753447267,3.12377808019162,0.00178545062981212,0.0334927700993535
"g21",28898.1835359521,1.74721227382175,0.30706647706834,5.6900130893575,1.27029634052438e-08,9.70085477562584e-07
"g22",543.701732414221,1.60093661396736,0.389450288065704,4.11075986596079,3.94359168957974e-05,0.00129506346935665
"g24",33832.9034756157,1.1173408395316,0.227729868749984,4.90643078865639,9.27486961874969e-07,4.63959175579781e-05
"g28",17182.1560300476,2.11056305456632,0.303961084169939,6.94353048624589,3.82420033686503e-12,5.08815768531753e-10
"g29",206.812413318479,1.35732342718093,0.358966197372697,3.78120123040912,0.000156073450779554,0.00426755075373078
"g33",8163.14313010703,1.44740690596854,0.237100238337074,6.10462020671119,1.03045413702474e-09,9.57660795133836e-08
"g34",916403.88938868,3.11759393924482,0.216200884264128,14.41989448774,3.87935129068887e-47,1.25167269394076e-43
"g38",30303.3828364693,1.55401185369975,0.194490569208693,7.99016559014878,1.34757625685537e-15,2.67566448784237e-13
"g39",10434.8859307871,0.971667967908148,0.210594213207988,4.61393479482033,3.95116428249277e-06,0.000168853398112091
"g40",35885.5690431217,1.12078353532875,0.259689874277273,4.31585381774294,1.5898717080083e-05,0.000573153191719416
"g45",979.414768050236,1.57509156029897,0.430345854704313,3.6600597939562,0.000252156400203689,0.00650866100205761
"g46",1317.8863509564,1.06745013076371,0.264506282923428,4.03563242039404,5.44554154995952e-05,0.00172255292264161
"g47",506.14237484222,0.870346388782958,0.161488776481894,5.38951627316675,7.06475829275789e-08,4.42610536535599e-06
"g48",55.3469262081824,2.11067896829743,0.692620140474173,3.04738318301349,0.00230843232070123,0.0410932793530621
"g49",8681.97441559524,1.29247884111214,0.232641539574349,5.55566664266799,2.76554227079527e-08,1.92930208361534e-06
"g51",8212.96083165096,2.48852629301213,0.407570464184733,6.1057571921703,1.02314450936955e-09,9.57660795133836e-08
"g52",3341.44353707233,1.64247281892745,0.334481364895485,4.91050620844205,9.08415798136621e-07,4.56187326488375e-05
"g53",7796.83060785409,1.61531725970727,0.21992757089781,7.34476924886252,2.06114378466827e-13,3.16680020058675e-11
"g54",19941.1747875858,0.59805251152321,0.186829398544286,3.20106212503514,0.00136922007395058,0.0270201135694284
"g56",10840.5341561773,0.960379130664004,0.174752396053455,5.49565643935568,3.89259689130697e-08,2.6029976932232e-06
"g59",3307.009755852,1.38540827157618,0.426961803450558,3.24480611703386,0.00117530616375914,0.0240769862690088
"g62",3240.40461428669,0.863652276119291,0.2531367847628,3.41180076585302,0.000645352629322527,0.0146121421649764
"g64",830.89745600218,1.71354698175424,0.260472704727762,6.57860478526986,4.748831524033e-11,5.32942779557999e-09
"g69",212.420196382172,2.48176453189127,0.524272043638372,4.73373425496463,2.20426290995893e-06,0.000101600775414035
"g70",10537.6403402637,0.984318423230905,0.18286488418121,5.38276349578136,7.3350887341688e-08,4.551281500153e-06
"g72",19885.2605036196,1.32776182444027,0.274111199737087,4.84388024171864,1.27327695397984e-06,6.1546488269902e-05
"g73",152.354771636767,1.55116328560831,0.389527473034795,3.98216658127667,6.828988758109e-05,0.00209845068838464
"g75",47108.2753025162,1.01723311323205,0.16406133138452,6.2003221883401,5.63476888607495e-10,5.50926721543056e-08
"g76",8673.48051949432,2.90355174846217,0.425784110293333,6.81930508506259,9.14819406512577e-12,1.14627759810207e-09
"g77",17373.8973376795,1.0025242688897,0.208903358776015,4.79898587922944,1.59471036072906e-06,7.59458742271927e-05
"g81",5389.81933989792,1.62156040542289,0.351078559636618,4.61879645143035,3.85972248557257e-06,0.000165984431502627
"g82",293.616979854448,1.94255615964999,0.47302721487911,4.10664777532185,4.01442669668942e-05,0.00131227016952401
"g83",10180.1299251212,2.42919786878238,0.295915232029386,8.20910046476129,2.22851711524841e-16,4.87478676091457e-14
"g84",7551.54694047456,1.36608631170588,0.151316060778165,9.02803248168489,1.74785956304874e-19,5.12678989106978e-17
"g85",863.896527096633,1.4311239040995,0.276033340578577,5.18460524043873,2.16472882697962e-07,1.24723170718745e-05
"g86",131.237596455008,1.95719888842362,0.544105513201591,3.59709438874676,0.000321791736259812,0.00814322381993948
"g87",6701.83798794885,1.71921075940821,0.322786636014208,5.32615222438309,1.00315070464047e-07,6.10691650664617e-06
"g88",3745.41313803525,2.03599654542478,0.25364615976061,8.02691650189517,9.99530635020984e-16,2.04760990088584e-13
"g89",2873.89221003762,0.776303545505176,0.232281274537488,3.34208406188113,0.000831518741849266,0.0179158278502615
"g90",1169.20045088812,3.49634823307645,0.890615121703395,3.92576787421857,8.64534977836478e-05,0.00256498584458795
"g91",9208.14789179915,0.958210283301323,0.17650695284658,5.42873959267882,5.67534198796141e-08,3.68926969582615e-06
"g95",13651.192825924,1.23543593324098,0.348477828666682,3.54523539694881,0.000392262604807102,0.00967981104711369
"g97",16672.2002334868,0.978500597447263,0.288757524347705,3.38865835499064,0.000702354607110013,0.0156826791684461
"g98",5324.48883985851,1.18685850206436,0.166272011075332,7.13805344861463,9.46618260110918e-13,1.32794078967299e-10
"g100",23572.0549804912,1.3719250324743,0.230120441367362,5.96176951652971,2.49520937828006e-09,2.10478249909036e-07
"g101",772.359590677826,1.04124535807398,0.2283169652487,4.56052556996708,5.10257482168261e-06,0.000209725575314127
"g102",14139.9779284159,1.22607763075922,0.28310975622592,4.33075019068157,1.48602193956661e-05,0.000539557293854534
"g103",20884.921380335,1.65042755957083,0.25487966008898,6.47532078077417,9.46107247146169e-11,1.03478475692106e-08
"g105",873.219832717996,1.18039900136749,0.373598400922598,3.15953975834078,0.00158018538808373,0.0303302204097008
"g108",2489.77545698174,2.00599954992754,0.289951934211139,6.91838650907842,4.56816539039079e-12,5.95522651801854e-10
"g114",3156.99260224659,0.728022824091957,0.170903411130888,4.25984957979799,2.04564524490027e-05,0.000723317740566656
"g116",2134.14308028359,1.48883267605908,0.338975609685668,4.39215280839727,1.12233768893414e-05,0.000418638445473527
"g122",16141.0643437002,1.48215332799119,0.456909283040044,3.24386783768035,0.00117918445831038,0.0241181531203706
"g127",5383.28443167645,1.37648811999977,0.200016434241016,6.88187510802799,5.90697920640692e-12,7.62354736378877e-10
"g130",2035.62134216896,1.61165611698352,0.517474923168776,3.11446225667223,0.00184280531789768,0.0342204970255934
"g135",50687.3723596187,2.10482937443526,0.382649818706057,5.50066737664428,3.78356387154103e-08,2.55605990316488e-06
"g136",1602.59366999284,1.59951664768979,0.184733283371987,8.65851901992631,4.77932902228853e-18,1.20945137964031e-15
"g137",7288.37215891461,1.29494913458513,0.392447780851104,3.29967246031246,0.000967977314194795,0.0202927453052559
"g139",5602.5894249209,1.2512407740664,0.25353498378702,4.93517997152413,8.00768846876403e-07,4.06878847944364e-05
"g140",35532.1698755579,1.21715769809729,0.375645888790499,3.24017308432758,0.00119457163995048,0.0243149661592543
"g143",1636.63669135296,1.9511160352592,0.551323725519462,3.53896620977239,0.000401697268123156,0.00985609304638299
"g147",17199.4979773174,1.26012922562729,0.258998572441989,4.86539062260483,1.14230970330375e-06,5.56326378522197e-05
"g148",185.454194921826,1.87843056135528,0.394966538713808,4.75592329282453,1.97541472709314e-06,9.27080089740512e-05
"g149",409.798415355904,2.72126517764524,0.52403287301779,5.19292837866082,2.07011837131127e-07,1.19806940359387e-05
"g150",920.09685827525,2.4161498875848,0.747053701969652,3.23423855770271,0.00121967531716668,0.0247113495186077
"g151",7090.59477158908,2.55615532177674,0.309901057408833,8.24829493371028,1.60670436785331e-16,3.57519423646807e-14
"g153",10488.2152814046,1.13253485027618,0.258589997945336,4.37965450819793,1.1886761610596e-05,0.000442105318001016
"g159",2634.70824315233,1.61384919956729,0.324423119322344,4.9745197042008,6.54096111389453e-07,3.41680897034912e-05
"g162",43396.9123509635,2.69179322274308,0.588858166274665,4.57120810563326,4.84920407694224e-06,0.000201234173045069
"g165",30041.3452018724,2.06129192921552,0.180857498685734,11.3973263159926,4.31157644742536e-30,6.95565070380896e-27
"g172",777.433820198405,1.90950828110918,0.454276766896073,4.20340290382059,2.62931967026264e-05,0.000904906657717592
"g174",302.923825847416,1.80964741552466,0.561945229796133,3.22032703468483,0.00128044434297127,0.0257369867734811
"g176",11891.1062413046,2.38984707850374,0.729267627425351,3.2770508228111,0.00104897486140587,0.0217653851467913
"g177",12167.0227253195,1.5229001602793,0.494314678360543,3.08083135489763,0.00206423529631806,0.0374697900622798
"g178",151.028876185321,2.4748870457611,0.213856343387482,11.5726613789374,5.66962522421677e-31,1.04531690205345e-27
"g179",7215.6866496338,1.34257635859611,0.23634606372926,5.68055307294672,1.34259882163827e-08,1.01926943482727e-06
"g181",3227.58704313233,1.05126181545775,0.229178244844825,4.58709253214478,4.49461504249695e-06,0.000187726542842931
"g183",4673.82020323234,4.07604154434727,1.01942108302645,3.99838850913927,6.37752090182427e-05,0.00197856453747462
"g186",56993.032832213,1.59143720274802,0.414393316864372,3.84040267538602,0.000122832662769256,0.00341654815883624
"g190",10645.5264031785,1.5187401841168,0.346926624547408,4.37769855829922,1.19939077796199e-05,0.000444808545413146
"g192",811.562253078435,1.23955232833945,0.384963675731237,3.21992023269449,0.00128226270690751,0.0257369867734811
"g193",1675.69324261928,0.935058842421032,0.18285056061805,5.11378712354205,3.1576319403334e-07,1.77184338356274e-05
"g200",23435.3507866986,1.48907607785339,0.374173530370386,3.97964034596297,6.90196048354837e-05,0.00211583615203504
"g204",702.10914515271,2.36162821281317,0.59724065326701,3.95423218411984,7.6780821197577e-05,0.00230449599622309
"g207",18294.7795898424,0.870055628051072,0.206043433874776,4.22268068284988,2.41413728564552e-05,0.000837549887326375
"g208",4141.25181727988,0.724525790437973,0.233150872494894,3.10754054953768,0.00188651103065411,0.0348316328492446
"g210",16099.1259038325,1.90006614402981,0.345345232979874,5.50193245070954,3.75650887663726e-08,2.55605990316488e-06
"g214",4349.9841414772,0.964394767481334,0.250101443540973,3.85601439890667,0.000115250702184589,0.00324057856730785
"g217",1043.81768125814,0.671451792206438,0.200788204201044,3.34407987201345,0.000825559655658156,0.0178769679797385
"g221",78985.2071198197,1.87502304087579,0.330991250626,5.66487191830472,1.47134398179948e-08,1.09133134650023e-06
"g222",7374.98435983217,1.06291383648871,0.29446182869251,3.60968292973093,0.000306571511847876,0.0078039683075122
"g224",382.683817953435,3.56353902023407,0.859952571688353,4.1438785551135,3.41480633044373e-05,0.00115370393980908
"g225",2045.42584503613,2.8372902107704,0.788619234212131,3.59779483898208,0.000320926602944205,0.00813728632141042
"g227",235460.543929204,2.0391120995324,0.192273500607286,10.6052685008177,2.81653813704037e-26,2.13824948215547e-23
"g228",5593.93853876606,2.2487192564405,0.314260971885454,7.15557914477572,8.33204001693149e-13,1.18168470833536e-10
"g229",10569.9935363632,1.84969106145538,0.213333808453613,8.67040754047932,4.30576467215893e-18,1.11140397717766e-15
"g231",31624.4970577456,1.28122214052311,0.199884451429555,6.40981392679587,1.45697347884355e-10,1.52875607463047e-08
"g234",10773.9232003345,2.25274815058484,0.391513434275785,5.75394853244801,8.71827090823149e-09,6.77819303262865e-07
"g235",43766.8938719699,1.34599977562672,0.239378047366178,5.62290398153234,1.87773782820198e-08,1.35385946428909e-06
"g238",13769.2084559683,0.899168587403808,0.246533953108364,3.64724037426431,0.000265071926801496,0.00678773469702403
"g241",365.938377563915,2.77549145109508,0.339309558533161,8.17982099618286,2.84265839217866e-16,6.01431954253406e-14
"g242",865.771877553049,1.10158972784604,0.286180356353264,3.84928491208609,0.000118463153356785,0.00331645435406218
"g246",632.911800404756,1.62657514694422,0.408083869091831,3.98588444714583,6.72292262025491e-05,0.00207574256787105
"g250",62973.2028984843,1.72093802985757,0.156524306370939,10.9947015243703,4.05252046226275e-28,4.75471173508755e-25
"g253",14968.3874784945,1.96600335728949,0.201493571094668,9.75715178707017,1.7191555378615e-22,7.15723270052921e-20
"g255",1764.61224422937,1.03146978728868,0.305232360437671,3.3792936823922,0.000726723310060006,0.0161425527985906
"g257",757.267768537964,1.6298048100644,0.16774977702677,9.71568987423634,2.58492588337741e-22,1.01094101366269e-19
"g258",6171.04237822296,1.57821235867403,0.220441230061945,7.15933384254181,8.10700400885239e-13,1.16254437486943e-10
"g259",10959.2274467996,1.56689955045562,0.137791808354128,11.3715000127487,5.7982476812382e-30,8.31468717489558e-27
"g260",2641.32663962303,1.98640960678468,0.309198304895502,6.42438711769787,1.32401868935439e-10,1.40063813154162e-08
"g264",24660.5331585923,1.16906665344171,0.264385863990139,4.42181981970607,9.78730594490231e-06,0.000373712930547069
"g265",224.827261270847,2.56652503401645,0.180359868424228,14.23002276748,5.96623477554676e-46,1.54000452026413e-42
"g266",200.46228093997,1.76371416815726,0.570090777256432,3.0937426783944,0.00197648832574199,0.0361823522440088
"g267",227.343508874942,1.86208885475746,0.36985512439585,5.03464392388545,4.78737878231932e-07,2.58518454245243e-05
"g270",341.557393047189,0.929883090581406,0.297888786801423,3.12157802435605,0.00179884573454815,0.0336950697388656
"g273",9171.56739276288,0.815606526225511,0.243394192861071,3.35096953891196,0.000805291600217674,0.0175856064169362
"g276",10181.5719388484,1.08664103290143,0.293421912335324,3.70333975487015,0.000212779606777769,0.00561581514330038
"g278",535.368309635859,1.29177419387359,0.374100106503271,3.45301744484346,0.000554353151758957,0.012753086945813
"g281",1750.44873919776,1.17880599075728,0.388622076367269,3.03329651721391,0.00241897785862098,0.042942679839563
"g282",47.1268181935948,1.46389027320799,0.36906181162975,3.96651787608032,7.29303080787245e-05,0.00221467895544475
"g283",16448.9162251392,1.898132049216,0.477454120897239,3.97552762901911,7.0223390185211e-05,0.00214763761547472
"g288",12451.2315978321,1.90831398059951,0.328064023766338,5.81689500327137,5.99507716509005e-09,4.74677704862896e-07
"g292",20291.6007357232,0.780422267375885,0.228702708747836,3.41238751236815,0.000643964983735981,0.0146063481196776
"g293",30660.0364129447,0.797112435042848,0.184273439699476,4.32570443327494,1.52045182207755e-05,0.000549662499040138
"g295",498.204006213473,2.23487094116881,0.543295519086588,4.11354569043046,3.89627879408492e-05,0.00128607094927008
"g296",2290.07688477334,2.08265503289395,0.412801099002821,5.04517802381073,4.53099296472308e-07,2.46738376382768e-05
"g297",147163.277448666,1.11971295303452,0.206109326882638,5.43261661163014,5.55336389554733e-08,3.63908279020226e-06
"g299",96.9425990947808,2.60380432599864,0.560210744488553,4.64790143997647,3.35329058524114e-06,0.000146703621332617
"g300",7826.54396790766,2.28135925119873,0.334802286464323,6.81404919688872,9.48892307839747e-12,1.17753885817113e-09
"g303",59878.0609964422,0.744863651714874,0.200725802823999,3.71085152598935,0.000206563236906687,0.00548540151341091
"g304",5078.14773764978,1.02857295734283,0.188251750022446,5.4638161781773,4.66006103315045e-08,3.10014163370308e-06
"g305",4075.89757594533,0.745280113887769,0.192807793755065,3.86540450141005,0.000110905238404551,0.00314580880626182
"g306",8447.45328644034,1.55094349365962,0.16838159643405,9.21088483839788,3.23447511841931e-20,1.02344422648738e-17
"g308",19376.0831184692,1.56197142272841,0.277434383731847,5.63005710293691,1.80149968335613e-08,1.31356807420307e-06
"g312",449.057159150998,1.22038362580232,0.364421260309501,3.34882664300612,0.000811545563659701,0.0176875539600855
"g315",23578.8736769801,0.961378020273711,0.300595952524838,3.19824007009633,0.00138269120210373,0.0271613586824213
"g317",4024.16273192649,1.7259337197688,0.196346965281743,8.79022355803776,1.49262651640293e-18,4.09868889802048e-16
"g319",4311.32075093201,1.13916128701619,0.279733260117561,4.07231262574014,4.65486433953143e-05,0.00149814661261827
"g321",19188.523895867,2.099692873715,0.191662762049134,10.955142518382,6.27794700012191e-28,6.75193199863112e-25
"g324",5603.50987924951,0.86654818171969,0.181418970136569,4.77650259544176,1.7837025222512e-06,8.45348622468301e-05
"g328",124.093229865471,2.43297091153528,0.735448182737153,3.30814728847431,0.000939154023978971,0.0197727925505263
"g332",7164.83488633162,1.01726880143931,0.264019737936798,3.85300284512374,0.000116678034169561,0.00327357980215728
"g334",12390.3477271766,1.0531115736033,0.27861842623417,3.77976283850729,0.000156977807513269,0.00427416789824102
"g335",12379.8958560341,1.94674602007484,0.463053516020974,4.20414909447888,2.62066158119499e-05,0.00090433845900809
"g337",1954.35692251611,1.55390911568643,0.456479282777688,3.40411750174259,0.000663781929078145,0.014924685673663
"g339",6865.98434593084,1.32371558025219,0.321908248503202,4.11208966035249,3.92093958352476e-05,0.00129090934349415
"g342",47.5672179538719,5.7778059775215,1.46845646001793,3.93461170612504,8.33313056319398e-05,0.0024837732805677
"g343",16134.4567287149,0.68290168628655,0.205869215419712,3.31716271854583,0.000909366379931278,0.019303096216107
"g344",14638.7801100963,2.29791485978352,0.25907621195758,8.86964821054185,7.33773377062661e-19,2.10446204541571e-16
"g345",278.832483810627,1.25293637959704,0.342855834048951,3.6544117240197,0.000257772332211483,0.00662711099506254
"g348",2807.96129953752,0.678649245118972,0.168634077991614,4.02438969158251,5.71232610299277e-05,0.0017981287972006
"g349",28348.8247892505,0.68478396450547,0.229158413504961,2.98825582718849,0.00280574591693755,0.0491329128955171
"g351",166.803596204908,1.5854149392064,0.403496223548474,3.92919399657265,8.5231060248219e-05,0.00253454392526155
"g353",30062.4393147055,0.925472672661386,0.189704936608652,4.8784849208778,1.0690383520087e-06,5.24601101559859e-05
"g354",378.692979934114,1.10562463888308,0.266227257739426,4.15293553436674,3.28237229748797e-05,0.0011118713089601
"g355",80565.7449061673,1.75550449096684,0.287576850432618,6.10447081649979,1.03141833661555e-09,9.57660795133836e-08
"g356",110954.306168907,2.38036013000742,0.254147387465551,9.36606177126284,7.52894398460397e-21,2.62617705581889e-18
"g357",11420.0464388542,1.28155620856032,0.227120034447343,5.64263831536819,1.67463904057158e-08,1.2280051964555e-06
"g358",2148.60907535923,0.935573546742021,0.240317053165653,3.8930801389992,9.89794369423213e-05,0.0028901099845647
"g362",26809.3415447903,0.812493246245073,0.196240385493486,4.14029581220958,3.46858238666119e-05,0.00116576886151691
"g363",898.534192191025,1.37763403766729,0.376019566445741,3.66372965824395,0.000248569138768028,0.00642892445879793
"g366",1257.70767508345,2.08107370926584,0.236827541015932,8.78729602282974,1.53202703834623e-18,4.11923769935343e-16
"g367",544.273849850046,1.69224150645637,0.267231339994211,6.33249642984624,2.41225870778382e-10,2.47084213354429e-08
"g369",2729.4274091954,2.18410806112907,0.302842564803317,7.21202471174273,5.51259665123027e-13,8.08472413417931e-11
"g375",101.466246162144,1.91781995625535,0.264052207308617,7.26303323044693,3.7850489838763e-13,5.61492438918477e-11
"g377",31137.0433149945,0.914962028327013,0.2730131192549,3.3513482092879,0.000804191125206499,0.0175856064169362
"g378",62106.3820228491,0.870149681972859,0.231173014400931,3.76406253224578,0.000167175050033274,0.00454223409627249
"g379",867.251732864842,2.18468209569338,0.347464803459637,6.28749178029239,3.22636088445749e-10,3.22786151742701e-08
"g380",1058.12821226256,1.9743784008577,0.395295315217468,4.99469213231508,5.89296984326668e-07,3.1427549089752e-05
"g381",386.987800145062,1.15484422514409,0.31066587353889,3.71731922785372,0.000201347961071979,0.00536900162313009
"g383",5870.06599883917,2.67655633664221,0.402852733731281,6.64400688522468,3.05268304719394e-11,3.58162976428045e-09
"g386",5891.23100840075,1.43135007728574,0.372006617995025,3.84764681069431,0.000119257812990721,0.00333147474990962
"g389",1428.57178492712,2.32337940862136,0.499304083256616,4.65323534601912,3.2676692684576e-06,0.00014393358217991
"g390",14943.7550403576,0.985862097371803,0.182545304818342,5.40064340933268,6.64023029251752e-08,4.18042986123078e-06
"g393",28735.7719720101,1.37200589559422,0.331511151414474,4.13864176134113,3.49367973970735e-05,0.00117115404469255
"g394",909.975703135272,1.49159875443269,0.140520658557594,10.6148004837406,2.54337198606381e-26,2.05154742825872e-23
"g395",1139.13695610064,2.69604689671851,0.365475969451222,7.37681030237568,1.62126749026422e-13,2.52097328064458e-11
"g396",11682.1853943959,0.936306991480107,0.309069787933398,3.02943551273887,0.0024501120442201,0.0434198117120736
"g398",39016.0976784437,1.07152598893381,0.210016909967046,5.10209386997432,3.35916052676826e-07,1.87676734885157e-05
"g403",17522.0098689817,1.72941426666333,0.28442176540254,6.08045683218266,1.19840613875806e-09,1.08919926949377e-07
"g404",5528.58740835484,1.41665753714468,0.276522109922697,5.12312573320343,3.00511813186217e-07,1.69362683885647e-05
"g405",12004.9128248994,0.817997708082464,0.265552781485025,3.08035827569968,0.00206751725147922,0.0374766539994254
"g409",32643.6533778872,1.88586575550125,0.380856359664161,4.95164569961286,7.35884925050901e-07,3.78379714848882e-05
"g410",49752.6937401917,1.0623609841373,0.240177353664156,4.42323544634778,9.72336769886163e-06,0.000372373244870944
"g411",952.708954785935,1.74901891850969,0.386083669499532,4.53015513651974,5.89403907651681e-06,0.000239963622465382
"g417",11526.5598558877,1.66696058947348,0.18809512498449,8.86232745059681,7.83610375447363e-19,2.19853815337471e-16
"g418",668.682740196166,1.38019074810745,0.380125795434189,3.63087894766775,0.000282457650566233,0.00721861076872831
"g419",1433.09690649319,1.81316592364279,0.373629510582467,4.85284452187988,1.21703103545879e-06,5.9048881742974e-05
"g420",40927.5339094168,1.53074562539096,0.303396834536885,5.04535793106589,4.52673144414733e-07,2.46738376382768e-05
"g421",124201.29425685,2.55133804072994,0.235893136335601,10.8156518683112,2.90222009518046e-27,2.67543232488564e-24
"g425",4645.64668834325,1.38757282460457,0.450317839293525,3.08131880091947,0.00206085867204901,0.0374611859457246
"g433",904.026963424872,1.7389611088261,0.38732289970787,4.4896935093114,7.13257260577739e-06,0.000281531719673363
"g438",5517.35333346002,0.989076679163098,0.300884964057376,3.28722534295363,0.00101179833877106,0.0211298856960829
"g446",10776.2882926553,0.712054508188163,0.224716558637162,3.16867841206967,0.00153133730127609,0.0296303436435819
"g448",1158.04770840481,3.81344910778192,0.92317785246405,4.13078487271273,3.61526783746595e-05,0.00120564978579678
"g452",13934.3265290041,1.29659209733043,0.399864938101266,3.24257511420535,0.00118454718754962,0.024189503168537
"g453",247.523975037938,1.73501002402478,0.294712908039783,5.88711921566249,3.92985249221015e-09,3.2721726622235e-07
"g454",8167.06200251313,1.76486137988914,0.207150380109988,8.51971103771123,1.59951897274162e-17,3.89497959664213e-15
"g455",3706.25216080183,1.80288052684756,0.45004017612981,4.00604351005217,6.17442801716841e-05,0.00193415456285377
"g458",103.864001890301,2.21093717565957,0.721088219607053,3.06611190634121,0.00216862133022606,0.0388530968642119
"g459",11389.5589695665,2.4300232228248,0.345367042439626,7.03605997161583,1.97751851083608e-12,2.71509084051601e-10
"g463",5536.05358331429,2.17936094307957,0.485416165120249,4.48967525121397,7.13318397126837e-06,0.000281531719673363
"g465",17487.1040381138,2.06248516948625,0.413102958424038,4.99266618025322,5.95514356175491e-07,3.16284291390983e-05
"g466",1693.46214885017,1.70761496880634,0.369587120615043,4.62033137400632,3.83127625181026e-06,0.000165372746842352
"g469",51896.136000459,1.46953940632155,0.243965829981415,6.02354602869382,1.70636552760867e-09,1.48799685806199e-07
"g470",761.663470675613,1.27878479671799,0.405674378358733,3.1522444229573,0.00162020587541974,0.0308412640533438
"g474",542.246168590062,1.91117381806883,0.445358577165903,4.29131472044578,1.77618367978069e-05,0.000634997965962591
"g477",1072.63138947125,2.09415455270927,0.255688834435688,8.19024638807994,2.60691943606649e-16,5.60748370697902e-14
"g479",3001.76157353085,1.14669665104308,0.296416211599904,3.86853554619632,0.000109490976475814,0.00312630650972756
"g484",44738.6803597457,1.89501998841063,0.322939080680561,5.86804168890639,4.40972390717136e-09,3.59704740143572e-07
"g486",932.487129489164,1.56358761076477,0.27393793180811,5.70781709726874,1.14434293142205e-08,8.84364663049875e-07
"g489",9724.80563010937,1.13796774799616,0.229950764726625,4.94874522095643,7.46934430532549e-07,3.82537133351313e-05
"g490",10241.2953363703,0.782690361083723,0.19345315506548,4.04589090738167,5.21245047177921e-05,0.00166103421700697
"g491",1645.04875249519,1.66612448440178,0.426984628964223,3.90207134257611,9.53730366767209e-05,0.00279746457124945
"g492",1124.6302869139,2.41137792806179,0.494794706408967,4.87349176704548,1.09642839190575e-06,5.3600397067938e-05
"g493",12077.8511196402,1.84832759446984,0.199729867381461,9.25413719391173,2.15967553979551e-20,7.14686474784637e-18
"g496",32654.8002359243,1.25242381553217,0.367445060712196,3.40846550802634,0.000653293435729974,0.0147402186740053
"g497",38860.9875951391,0.850537857257261,0.157364620781789,5.4048861366156,6.48495754561314e-08,4.12289961003365e-06
"g498",1930.3671961695,0.858733547249271,0.23986611340846,3.58005361844073,0.000343523711137117,0.00857546811592967
"g503",1224.40820626043,1.02688700218463,0.322630391688718,3.18285886462735,0.00145828678092423,0.0284299836776557
"g504",1749.83359544635,1.18251533933289,0.35625054659579,3.31933621051983,0.000902317200472964,0.0191850177748008
"g512",47628.3974451513,0.834135291132018,0.244925680221597,3.40566693691463,0.000660026472263846,0.0148661459878485
"g516",1074.55673495304,1.89934772844856,0.528614959251575,3.59306465927052,0.000326811449702314,0.00823794642550404
"g518",305.029305367836,1.00245346004124,0.282151761122725,3.55288748173085,0.000381027403780521,0.00942057408657358
"g520",41641.0584885768,1.39925006371948,0.31093016744927,4.50020683164419,6.7887374386276e-06,0.000271255248863554
"g521",3791.393045823,1.20366130625956,0.361873185779199,3.32619645102411,0.000880398546117247,0.0187498739871109
"g522",7460.58576692969,1.22985770163681,0.241516977062982,5.09222049974605,3.53894186723677e-07,1.96023964543166e-05
"g528",343.182807732119,2.31960254910592,0.224579604569887,10.3286429484476,5.2295167529913e-25,3.21391158162408e-22
"g530",461.997828829596,1.1129043540825,0.326494363034526,3.40864798932167,0.00065285663283023,0.0147402186740053
"g531",15194.6202021715,1.30851959917941,0.175123703143744,7.47197310066794,7.90011601306032e-14,1.3071653495456e-11
"g532",21864.3085935934,0.640395494334988,0.202970868267814,3.15511038505291,0.00160437391818015,0.0306756293156045
"g534",1243.82126349597,1.21279589431639,0.289622416865403,4.18750698734766,2.82035340692828e-05,0.000965503476652954
"g535",3908.3812547139,1.57768736472726,0.256634096061916,6.14761401129891,7.86571596730388e-10,7.51962446474251e-08
"g536",1722.87626173707,1.87106058317063,0.353396911505786,5.29450179742163,1.19341315530695e-07,7.09396888972548e-06
"g538",9391.29547376875,1.74047607530586,0.267237120808694,6.51285296757781,7.37366802931258e-11,8.20384134364726e-09
"g540",348.248624256239,2.06127181040209,0.413869115831393,4.9804919757333,6.34228324074702e-07,3.34095949000331e-05
"g541",67465.6059999423,1.23061096556509,0.203006886049476,6.06191735419837,1.34508330437677e-09,1.21396119764242e-07
"g542",26067.2723823947,2.12972315160458,0.227687179552216,9.35372450830578,8.46144402849131e-21,2.87377359557129e-18
"g543",17802.1175943533,0.907599042017632,0.291576494268063,3.11273048362817,0.0018536521124062,0.0343724628774632
"g544",20041.0628207342,0.802080493155032,0.182298328402275,4.39982363077458,1.0833889398726e-05,0.000408836773625608
"g545",25268.9709489399,1.93492163803126,0.253812598093857,7.62342630965758,2.4702934683106e-14,4.30832533811035e-12
"g546",2543.57506001444,1.78125916601985,0.513633506485394,3.46795749017301,0.000524430240494324,0.0122179807363434
"g547",1462.90205270394,0.865428181229431,0.26712802894264,3.2397505595164,0.00119634305835476,0.0243149661592543
"g549",63997.090244149,1.37412283445983,0.289650666548252,4.74406929849381,2.09467138117529e-06,9.75770363977525e-05
"g551",1994.39583382256,2.17545670732231,0.211479961175809,10.2868219533755,8.07992624641045e-25,4.53389252765971e-22
"g552",31.5726013266058,1.88208531081089,0.53884505936618,3.49281352421548,0.000477960150358925,0.0114232475935783
"g553",924.952543405544,1.80742388832104,0.391371312425469,4.61818184148394,3.87116952442978e-06,0.000165984431502627
"g556",77193.5770650553,2.37601174921006,0.257972540785808,9.21032813016653,3.25129500123837e-20,1.02344422648738e-17
"g558",8131.84369839637,1.65307293047769,0.271396770424705,6.09098232042636,1.12219945215636e-09,1.0271706474844e-07
"g559",67.2727936220315,5.16958963816188,1.59744857376029,3.23615402904208,0.00121151990670127,0.0245847105595701
"g562",164.815535627784,0.842304410389856,0.274886468448542,3.06419015509865,0.00218260131536036,0.0390147542604444
"g565",5612.34690692568,1.41259073414606,0.226645808506235,6.2325914759072,4.58781473598708e-10,4.51987305211063e-08
"g567",875.223491508037,1.69364554315177,0.399156528654884,4.24306110903203,2.20491363074169e-05,0.00077538461357908
"g569",903.240216070607,2.24677946362524,0.415065876638536,5.41306715411316,6.19542417889213e-08,3.95832398281098e-06
"g570",8153.37860233325,0.874498097791059,0.243865553863239,3.5859845063706,0.000335808896858142,0.00843180860476883
"g571",6833.53825225203,0.983692883585278,0.315608051865219,3.11681808424003,0.00182814343422936,0.0340462036972065
"g574",263.671126410292,2.01801799465027,0.488332711158335,4.13246532238951,3.58892926621724e-05,0.00119996686812953
"g575",6725.19876684005,0.772936623869594,0.246396661903207,3.13696061423603,0.00170709057533789,0.0322101037504543
"g576",1588.02603783177,2.05544882211334,0.134803534175216,15.247736898661,1.70438821504488e-52,1.09984171516846e-48
"g580",1223.98842213402,1.54751020405204,0.382699454652972,4.04366973936586,5.26210286188709e-05,0.0016727265895447
"g581",4424.21097348545,0.734907364266701,0.218378786699396,3.36528733112855,0.000764639870433056,0.0168403449962611
"g583",337.536829910802,1.26438210981529,0.284346087858002,4.44663093253705,8.72275096163239e-06,0.000337053365002478
"g584",1959.7301006963,1.26479842205628,0.278472512673803,4.54191478330156,5.57455759049752e-06,0.000228397588136384
"g586",3344.31030030284,1.82817029846828,0.445948681521124,4.0995082488694,4.14028914219687e-05,0.00134935787043416
"g587",1898.74753913915,1.544655488172,0.404486991608769,3.8188013958828,0.000134101670454561,0.00371398317357631
"g588",2353.2454131335,1.75358415316251,0.318773534158603,5.50103432454348,3.77569689266507e-08,2.55605990316488e-06
"g589",1576.86671442892,2.02695443032126,0.367085821764871,5.52174535256113,3.35648702093188e-08,2.304192632561e-06
"g590",7692.76981058194,0.842572246003455,0.200155161106113,4.20959540262249,2.55828401678997e-05,0.000885179987149902
"g591",22790.0564479705,1.48522442410795,0.33042082353015,4.4949480127799,6.95869461106154e-06,0.000276335115847262
"g600",883.478377841871,1.24652487422082,0.417202922468836,2.98781433946915,0.00280980185536697,0.0491372665926371
"g602",46918.3126504054,1.61053765682395,0.431934036467185,3.7286657703492,0.000192496262131569,0.00516498286708945
"g604",5085.43974495503,1.05520754758381,0.334570146847551,3.15392020933842,0.0016109312384889,0.0307554416626297
"g605",807.011037401056,1.68733010918506,0.453800427382565,3.7182206260079,0.000200631012000435,0.00536096033307995
"g607",3627.17977726247,1.00398069681915,0.198840321387478,5.04918061796279,4.43709076841895e-07,2.4472262161203e-05
"g608",33600.1918106186,0.942182670060558,0.278848895467561,3.37882876846526,0.000727953334013615,0.0161425527985906
"g609",7933.17706895328,1.0543190902651,0.188885539288607,5.58178828424845,2.38058058371805e-08,1.67889470018935e-06
"g610",26867.4663223019,1.71048270186583,0.368618324400336,4.64025412911423,3.47980979496795e-06,0.000151724409506272
"g613",1714.3111880263,1.8750245173878,0.397900589450999,4.7122938922379,2.44943774109723e-06,0.000111311420727468
"g614",82860.8212285508,1.2048600360977,0.277016646837345,4.34941383434315,1.36501904445768e-05,0.000503341022507738
"g615",103904.75983935,1.55099361592195,0.195441722531544,7.93583681023697,2.09080774942957e-15,4.08847951729364e-13
"g619",51575.525649725,0.534373408899274,0.160562317681487,3.32813711595351,0.000874288240656829,0.0186813974071474
"g626",7081.73320449025,1.74340068734768,0.391886104182375,4.4487433178706,8.63741635183443e-06,0.000335735796695478
"g627",7692.94180465369,1.22393309910293,0.146937619103644,8.32961025617014,8.11089279044875e-17,1.86927111345592e-14
"g628",22292.625670137,0.949228380068441,0.297937340731743,3.18600004194543,0.00144254576343419,0.0281656514718331
"g630",300.694821974891,0.714333759515514,0.221988261124718,3.21788979244351,0.0012913742623461,0.0258394980307577
"g632",583.259515413039,3.14436963592995,0.912777892318597,3.44483544396848,0.000571407142435122,0.0131220295022557
"g633",325.009567387362,3.25777313016488,0.842573820145764,3.86645425275769,0.000110429166836639,0.00313920446518427
"g641",1006.06753125941,1.60910764769865,0.463466590193237,3.47189567003687,0.000516797137253934,0.0121309112596444
"g642",958.140212525471,2.26004623100412,0.350429507896598,6.44936051353014,1.12323084141842e-10,1.19805101151621e-08
"g643",22366.6879948407,0.938712747770841,0.177324395791299,5.293759742318,1.19826841620963e-07,7.09396888972548e-06
"g644",27981.1236608175,0.739129960631104,0.224344850097255,3.29461523324776,0.000985565263948341,0.0206154056669648
"g645",8037.0454104958,0.795012838542555,0.265124505886277,2.99863958589919,0.00271187899760117,0.0476832565981481
"g646",30711.9791298812,1.72823798067812,0.243149552177806,7.10771607514345,1.17978946013108e-12,1.63724330886578e-10
"g647",28525.0767737111,1.61731073442859,0.210497316952615,7.68328431850114,1.55060923769109e-14,2.83622121615906e-12
"g650",43046.2411244642,1.85321700115929,0.30384398342412,6.09923876153401,1.06574780072978e-09,9.82467222587039e-08
"g653",8951.65931250695,-1.52948022046939,0.353195231773407,-4.33041016094642,1.48831858524883e-05,0.000539557293854534
"g654",97.338807132162,-4.44452522674626,1.42965500580276,-3.10880961400238,0.00187842718000012,0.0347320647350739
"g655",147.190167344858,-1.78728663806618,0.416741664920203,-4.28871598045855,1.79708996544966e-05,0.000640697323041253
"g657",1932.48050312202,-1.64480382587716,0.514082987986818,-3.19949086881539,0.00137670548167077,0.0270850014427484
"g659",17019.1312520863,-1.36573251985754,0.289332345575971,-4.72028980077836,2.35508867406964e-06,0.000107402029779303
"g660",11986.8246432562,-0.887078811411941,0.240712162494547,-3.68522638083166,0.0002284994480421,0.00599393064315314
"g665",72.6532419553618,-1.94123428546978,0.400932488211246,-4.84179841381917,1.28669262078127e-06,6.19628916559816e-05
"g666",926.243511284743,-2.51074975999378,0.37472192765178,-6.70030114257674,2.07990463469997e-11,2.48548603846646e-09
"g667",459.934131294584,-2.25825842287126,0.222049770467501,-10.1700552003128,2.69755750539203e-24,1.45061154852457e-21
"g668",4797.89832058922,-1.59327190236326,0.315639249127297,-5.04776230069124,4.47014816899453e-07,2.45496733059759e-05
"g669",51293.3945619058,-1.72859480856078,0.248744618343574,-6.94927520471294,3.67167672782336e-12,4.93611040096753e-10
"g670",5115.97439671101,-1.48140692182877,0.235805302687542,-6.28233082523905,3.33534137856955e-10,3.31122429475527e-08
"g672",22132.6409999865,-1.2265471959705,0.167110237734536,-7.33974897408103,2.13994832836451e-13,3.24919683833792e-11
"g675",23.8121327788166,-1.47027322406725,0.45680223162815,-3.21862093104681,0.00128808643120869,0.0258137321136325
"g676",21027.839168784,-1.04878894460524,0.179651798987412,-5.8378983707184,5.28633846556382e-09,4.23760771655694e-07
"g677",5714.27685636185,-0.750756535238348,0.222802020403874,-3.3696127794418,0.000752738806043582,0.0166350120390385
"g680",5162.055184363,-1.35340415806089,0.258237852819438,-5.24092089244251,1.5977720594657e-07,9.33069963776666e-06
"g681",73.3270556055912,-1.76275159169639,0.559044621870615,-3.15315007556652,0.0016151874572466,0.0307911511421339
"g688",6526.78604783517,-1.17889837736708,0.384095297893589,-3.06928614807903,0.00214570963296199,0.0386117585310925
"g689",340.96374005116,-2.01786363067843,0.38254997912582,-5.27477124764071,1.32921782855737e-07,7.7976751342552e-06
"g690",24652.2485808,-1.77478909413715,0.481104109157998,-3.68899175948277,0.000225144510524296,0.00591795326441256
"g694",801.431165920226,-1.45373737629754,0.354005529863843,-4.10653860931686,4.0163235468928e-05,0.00131227016952401
"g696",231.535995661669,-1.04272708417145,0.29647974685238,-3.51702635759008,0.00043641044392851,0.0105276882043764
"g697",412.471846637495,-3.83313577100852,0.828451789382116,-4.62686642739632,3.7123976777951e-06,0.000160779209495381
"g702",15161.3652221864,-1.9112131219541,0.21133715806119,-9.04343154553413,1.51829087244098e-19,4.55699116272633e-17
"g703",138.03514365328,-1.60839770446647,0.329201398237148,-4.88575599338075,1.03032737384645e-06,5.07534545300086e-05
"g704",10467.3180249641,-1.42524848034601,0.310777755220852,-4.58606980841717,4.51667636698486e-06,0.000188039436104215
"g705",905.920355576216,-1.51739596952724,0.322543964273364,-4.70446245350048,2.54535702369711e-06,0.000115264483325737
"g706",53556.1876737912,-1.8724767733573,0.31866826518051,-5.875943662908,4.20441305192391e-09,3.47834325949551e-07
"g708",2629.25147704035,-2.82370830288157,0.509425100983981,-5.54293123253533,2.97449701554797e-08,2.06391712272377e-06
"g710",1482.66237993493,-1.52324614207399,0.236059153168134,-6.45281541355464,1.09791056937638e-10,1.1808028173643e-08
"g711",8354.70062782886,-2.06798187374229,0.444378750405637,-4.65364707888168,3.26114791943032e-06,0.00014393358217991
"g712",36287.1461799584,-1.64881495255772,0.260987062280726,-6.31761183159418,2.65636207021039e-10,2.67836006860432e-08
"g715",518.853544615568,-1.15039926883758,0.251753271940675,-4.56955041723815,4.88771578439001e-06,0.000202182243311979
"g721",1398.59748182205,-1.73904294858423,0.351188827866775,-4.95187434961327,7.35020600757667e-07,3.78379714848882e-05
"g723",6274.99309992032,-1.75833728083723,0.229832703771707,-7.65050948790902,2.00184566964163e-14,3.53915345375273e-12
"g726",499.836127491775,-1.6503344261843,0.434762685891792,-3.79594311963344,0.000147083221755316,0.00405610269225238
"g728",709.468711840605,-1.33590636660054,0.285225686644022,-4.68368183216201,2.81767267756941e-06,0.00012539615026452
"g731",4491.58604697256,-1.43548107009138,0.292224675194164,-4.91225140087023,9.00365041479114e-07,4.53910594739432e-05
"g732",307.643696801194,-0.990487223787197,0.265954842308832,-3.72426843289818,0.000195882416971557,0.00524493459218862
"g733",24149.2958867766,-1.32682474387609,0.133735750413416,-9.92124199979803,3.36542019268227e-23,1.67054280795221e-20
"g735",8905.80331703557,-0.956449037427661,0.294746098468276,-3.24499303773008,0.0011745349529578,0.0240769862690088
"g740",3697.73499131608,-1.34160591198062,0.246955970431247,-5.43257127834506,5.55477537323605e-08,3.63908279020226e-06
"g745",7813.45873309972,-0.931651825787468,0.250826687221749,-3.71432496321183,0.000203746837471218,0.00542176635959492
"g746",4758.19604821034,-1.16019354460739,0.278028473409334,-4.17293067282093,3.00706462516675e-05,0.00102398881404755
"g747",663.62624324999,-1.04856134427593,0.292690670922686,-3.58248980389574,0.000340334904365663,0.00851232999175049
"g748",4789.91076843517,-2.74791581113658,0.371366761889853,-7.39946622350552,1.36732995212972e-13,2.15204394660807e-11
"g750",524.247972738607,-2.07291555532574,0.458416910396786,-4.52190027966358,6.12869325687774e-06,0.000247952712141894
"g751",23408.9752757872,-1.16677388012976,0.180729020275338,-6.45592986866306,1.07556412708814e-10,1.16648996842013e-08
"g752",215.476177471134,-1.17095131663321,0.276677501304471,-4.2321884183298,2.31428400192117e-05,0.000808006865441223
"g755",10915.6944340804,-1.69581554791106,0.319266048401369,-5.31160628072531,1.08663168236699e-07,6.5533030339385e-06
"g756",2707.54216378416,-1.66341986654666,0.287441305920284,-5.78698966462383,7.16589858740448e-09,5.60503558600256e-07
"g757",152.627028702038,-1.94897495599159,0.487076287877835,-4.00137515312676,6.29754201378849e-05,0.00196319027125493
"g759",14856.6258235703,-2.37170040237544,0.242920380254186,-9.76328293201975,1.61830007938096e-22,6.96192694149689e-20
"g760",39796.9536624533,-0.797960618995748,0.192637280856349,-4.14229590164738,3.43846318144195e-05,0.00115866333732872
"g764",1286.87648692641,-2.41417939821953,0.453342541084518,-5.32528756830136,1.00793450602453e-07,6.10723133086974e-06
"g765",414.424988564153,-1.25808618832329,0.289343373977178,-4.34807326336952,1.37338730338685e-05,0.000504983946937625
"g767",1495.40427909526,-0.861768017600529,0.203761622262184,-4.22929503619517,2.34424745272374e-05,0.000815494814686053
"g768",3213.91983435987,-1.48513852535479,0.211631469910293,-7.0175693907164,2.25761047647429e-12,3.06702324309233e-10
"g769",30820.2668951548,-0.779887035828966,0.182362690643797,-4.27657122778635,1.89793850253699e-05,0.000672933909718199
"g772",577.806822644864,-2.20483550244648,0.504544527239819,-4.36995227063177,1.24273696671151e-05,0.000459563418119737
"g773",1672.01655805497,-1.70741147990606,0.228264729255627,-7.47996190858721,7.43441566574412e-14,1.24608530626096e-11
"g774",16022.1332021972,-1.00414904812338,0.101823971406116,-9.86161739968298,6.10578041681178e-23,2.91856303923603e-20
"g777",28833.7514218507,-1.67792507513342,0.17227827495677,-9.73962082888549,2.04315279863345e-22,8.24029063098853e-20
"g778",1081.02246345115,-0.935550772389524,0.229709002011809,-4.0727649512901,4.64583034133039e-05,0.00149814661261827
"g779",1833.12881762153,-1.23200215116998,0.279556622358819,-4.40698610812612,1.04818907938732e-05,0.000397551582784617
"g781",11898.4172858571,-0.734027150557913,0.175600561377566,-4.18009569445311,2.9138644893409e-05,0.000994876589932106
"g784",4012.00659139264,-0.93593790267095,0.181903372602585,-5.1452476624265,2.67168104392182e-07,1.51492837428901e-05
"g786",12858.5447513797,-0.963972548952104,0.101019827773928,-9.5424093486813,1.39551816264081e-21,5.29722276677715e-19
"g788",2161.35300934446,-0.728356240699025,0.202704100894358,-3.59319933580731,0.000326642510138719,0.00823794642550404
"g789",4946.9909804322,-1.76635901674509,0.18591202259303,-9.501047818794,2.07788808645867e-21,7.66206389823874e-19
"g793",3827.28213708114,-1.03684578213333,0.310163791444832,-3.34289756165089,0.000829084994574072,0.0178932624414264
"g794",238.188704114187,-2.34943452682727,0.391960658606564,-5.99405699332072,2.04669589631791e-09,1.74931504886615e-07
"g796",7935.94280445558,-1.21098183638874,0.303708428411871,-3.98731718681998,6.68246597890965e-05,0.00206819918282513
"g801",5353.6645108577,-1.65603618301907,0.282119017067307,-5.86999132576722,4.35817940627411e-09,3.58259002658431e-07
"g804",21823.0731242365,-2.18604250363231,0.273250827745857,-8.0001313140229,1.2428659434782e-15,2.50631685414527e-13
"g810",584.095606868521,-3.05735765999376,0.590396052922468,-5.17848594152993,2.23693927931129e-07,1.27743089994653e-05
"g811",92.4955956396229,-1.74554620092337,0.388995276796034,-4.48731978264772,7.21247764317498e-06,0.000283793403850049
"g812",2759.3744222618,-1.28968967260419,0.259297250205262,-4.97378846703255,6.56569521653946e-07,3.41680897034912e-05
"g814",13931.1528685451,-1.07097215154444,0.295638773962037,-3.62256999375179,0.000291690497190718,0.00743983706866286
"g815",301.353612043771,-2.97107300338317,0.843860686810604,-3.52080983250023,0.00043023104311235,0.0104175644322851
"g816",20491.0942448412,-1.98077312277516,0.487359839307945,-4.0642928756458,4.81782998455291e-05,0.00154673914877214
"g817",514.352705794241,-1.12216183598563,0.326183338867298,-3.44027944493561,0.000581113851139258,0.0133212351026701
"g820",43.0384127165506,-2.71058287368527,0.798208484745666,-3.39583320083216,0.000684200405442723,0.0153037962437501
"g821",2464.68600386199,-1.35220975385669,0.405802632834957,-3.33218575840696,0.000861667205902342,0.0185036222285784
"g822",1456.5049444849,-1.36115806905698,0.254387905057761,-5.35071849720181,8.76057070186912e-08,5.40975719991975e-06
"g825",5295.96241605673,-2.08832796910248,0.202651637145895,-10.3050140552234,6.68819007884111e-25,3.92353550716015e-22
"g831",39312.8222822272,-1.3285947520054,0.341641125619151,-3.88886071487327,0.000100715895346939,0.00292098729291595
"g832",34479.4295222778,-0.675059187607882,0.178524639189025,-3.7813222347035,0.000155997596067658,0.00426755075373078
"g835",2025.86495697694,-1.36712496498234,0.428897535109716,-3.18753280928186,0.00143492177602306,0.0281286388685271
"g842",1061.14389331278,-2.43530954011669,0.364815255865466,-6.67545970449976,2.46458377921989e-11,2.91815763803779e-09
"g843",450.028880778254,-1.69387614842726,0.360576829774467,-4.69768440053884,2.63127592124618e-06,0.000118324902577015
"g844",19390.9252475166,-1.67713799034769,0.389292071850051,-4.30817402054285,1.64607854860904e-05,0.000591762945636441
"g847",650.154928718081,-1.25908402245702,0.252777458433623,-4.98099802988425,6.32571839766033e-07,3.34095949000331e-05
"g850",388.776922113559,-1.67450920113169,0.430574369630733,-3.88901272169957,0.00010065284238933,0.00292098729291595
"g851",173.238228117094,-1.98430966262425,0.543081213052689,-3.65379912788796,0.000258388442980613,0.00662974402605922
"g853",127.651165709632,-3.0972834645369,0.774501018796157,-3.99906958076201,6.35919840555691e-05,0.00197763408727994
"g854",1270.98889861834,-1.33732953804939,0.436202381187431,-3.06584648714871,0.00217054725237074,0.0388530968642119
"g856",31862.4444324855,-1.48106453822964,0.302313591043496,-4.89910008054038,9.62765981803678e-07,4.79747403905725e-05
"g858",11933.5755871584,-1.39616360008382,0.181382135357562,-7.69736003676181,1.38906105019064e-14,2.59814810344353e-12
"g859",9852.20278394251,-1.12441494889139,0.242412652825156,-4.63843341420959,3.51059997943366e-06,0.000152551526379026
"g860",1942.48923112095,-1.42793325754469,0.41064893951295,-3.47726030715748,0.000506565753449485,0.0120098514545745
"g861",47.8112118873081,-2.11381031285655,0.544950456659957,-3.87890364531897,0.00010492830362027,0.00301604607243476
"g863",4867.84538308708,-2.2249000596555,0.234954687375755,-9.4694857315074,2.8122480374468e-21,1.00819092142468e-18
"g865",509.722578119048,-1.2958275880373,0.421962496396637,-3.07095440733019,0.00213375730148747,0.0385150653608354
"g866",2140.02320094411,-1.12471203526907,0.274929964986836,-4.09090378825358,4.29695376186349e-05,0.00139337902639724
"g867",23800.2459795381,-1.07862940622341,0.194135922156677,-5.55605265754428,2.75943657556294e-08,1.92930208361534e-06
"g868",9349.21780327848,-2.8748030430401,0.353119850075882,-8.14115389554659,3.91528347324951e-16,8.15010459770292e-14
"g873",323.691664929524,-3.19068065010006,0.740893198230599,-4.30653251739933,1.65833561187788e-05,0.00059451331685822
"g874",1629.26038429815,-1.32009358969364,0.418972268080499,-3.15078989772184,0.00162829575670322,0.0309496097732132
"g876",2230.35607811806,-1.62882372765413,0.210102586535537,-7.75251630411807,9.00892453632196e-15,1.70984088332016e-12
"g877",378.839088732312,-1.57179797583099,0.453311948805792,-3.46736497895487,0.000525587716058825,0.0122179807363434
"g878",8842.3189335059,-2.1054649500369,0.213861324844805,-9.84500096763543,7.20385342578869e-23,3.20596318321479e-20
"g879",3857.6414152653,-1.26884027434229,0.205265571923321,-6.18145684370427,6.35127240600115e-10,6.16312193021435e-08
"g880",764.73497886842,-1.17324727494751,0.226551506884579,-5.17872200931883,2.23411091512911e-07,1.27743089994653e-05
"g882",4281.84297720096,-1.2091993518481,0.309223684879296,-3.91043574918949,9.21297652987353e-05,0.00272088501360521
"g889",7003.95613488683,-2.69497571606549,0.173061091107511,-15.572395267006,1.12128419701525e-54,1.44712938466788e-50
"g890",11959.9493965611,-0.773700118686528,0.17139624967442,-4.51410179718768,6.35856714926562e-06,0.000255650054917203
"g891",5918.9998242122,-0.973624560311602,0.205228363996654,-4.7441033069263,2.09431955040606e-06,9.75770363977525e-05
"g893",6147.21362447457,-1.57035012305812,0.479033763865693,-3.27816166941085,0.00104485534614181,0.0217148198024254
"g894",905.24072921897,-0.996939794643356,0.252774985682752,-3.94398121297721,8.0139939128039e-05,0.00239418068145016
"g896",406.12621355525,-4.20073040056706,1.08700948193875,-3.86448367780087,0.000111324433531294,0.00315077442797123
"g899",8209.82896203725,-0.88270396572348,0.238474365407053,-3.7014626885233,0.000214360181442844,0.0056459846973497
"g900",6789.75837648321,-1.86210071152831,0.213541017724784,-8.72010788076425,2.779368479821e-18,7.32051624501425e-16
"g901",2511.21267288598,-2.6420575090374,0.319470440941506,-8.27011569912709,1.33829076843017e-16,3.03017204515083e-14
"g912",4937.9860713652,-1.09443968754249,0.361391212552324,-3.0284070268699,0.00245846712598082,0.0434643516820663
"g913",135.221852208534,-1.91238331902356,0.49247644360729,-3.88319754954316,0.000103091743624348,0.00296987063217821
"g918",6784.65576354902,-0.9553367578708,0.248440973123418,-3.84532690345009,0.000120391827106581,0.00335588967740289
"g924",3742.02475432994,-1.22628514332301,0.2788006319392,-4.3984302861639,1.09036639077708e-05,0.000410270222722129
"g926",179.425553141196,-1.90772138240811,0.432318412508988,-4.4127692164128,1.0205676851977e-05,0.000388538246169957
"g930",2802.63596250666,-2.32656740649345,0.520723400886328,-4.46795247252837,7.89718453629716e-06,0.000307918621224928
"g931",59707.7744162109,-1.32785757466683,0.425643634937921,-3.11964626197334,0.00181068341791707,0.033847500436099
"g932",12610.0813316575,-0.961177565963724,0.280975558998393,-3.42085827461321,0.000624238534492919,0.0142591549135675
"g933",6259.64373273966,-2.00973344023325,0.437767139552332,-4.59087322609101,4.41395391274657e-06,0.000184956133759439
"g941",187.151565215647,-1.65652726365342,0.292038787427341,-5.67228510379144,1.40905218482884e-08,1.06346359633924e-06
"g942",11649.4903679314,-1.1161952233988,0.164499142224629,-6.78541667940493,1.15751939775937e-11,1.40933446674363e-09
"g945",15794.0450703016,-2.19911435180138,0.211257236075369,-10.4096521977445,2.2403866084261e-25,1.52181208254459e-22
"g947",7597.66633433267,-1.5451186266602,0.183798299862642,-8.40659912422973,4.22070622730283e-17,9.90407901264914e-15
"g950",25430.7824777539,-1.63755837417654,0.158094303395265,-10.3581111969756,3.84479235926149e-25,2.48104450943144e-22
"g953",37.7443962096883,-2.22972116064081,0.398163383994991,-5.60001559728771,2.1433251958633e-08,1.52827375568021e-06
"g955",3508.05034988583,-0.852522617802789,0.169088290562165,-5.04187850600665,4.60983947398111e-07,2.49977261559665e-05
"g957",31788.4824372293,-1.61838598038646,0.330902926218552,-4.89081797758887,1.00417794455994e-06,4.96548680172051e-05
"g958",180621.691950699,-1.72857361018112,0.435118698893797,-3.97264841657157,7.10779216374781e-05,0.00216351805814456
"g959",12099.4233583695,-0.997874421830059,0.20893517048729,-4.77600022773937,1.78816189318027e-06,8.45348622468301e-05
"g963",131.400683039704,-1.80972766965376,0.492003310917898,-3.67828351861591,0.000234808866439685,0.00613450046613476
"g965",107.095144850272,-2.47627129446632,0.391328726952145,-6.32785462430194,2.48593175098444e-10,2.52625473844135e-08
"g970",10159.7857243055,-1.27980081089462,0.236210700054765,-5.41804757615931,6.02533846366521e-08,3.86880687622205e-06
"g975",138.229267915276,-1.78470289318369,0.560960175864522,-3.18151442824475,0.00146507225095672,0.0284762386609148
"g976",929.019494576504,-1.3495292133854,0.28934218707997,-4.66412875013075,3.09927301817625e-06,0.000137454355919528
"g977",8823.37006019724,-1.34867014675255,0.230513604572265,-5.85071822227198,4.89454820024023e-09,3.94806494201878e-07
"g979",3888.95859969236,-1.45654623843012,0.296255769751275,-4.91651602145327,8.80979910358701e-07,4.45879479336839e-05
"g980",19554.6041869688,-1.43309175275621,0.369992014688439,-3.87330454675616,0.000107369519868423,0.00307252998541435
"g985",326.557902510153,-1.80862310960148,0.403423970732262,-4.48318206357102,7.35381358316283e-06,0.000288475131016108
"g990",1164.57069149987,-1.81610123423129,0.542855257599655,-3.34546126026587,0.00082145833661503,0.0178180525921909
"g991",3515.69034500437,-1.76363883950922,0.300591682815181,-5.86722434563699,4.43150888600867e-09,3.59704740143572e-07
"g994",14973.913872834,-1.30081674845636,0.293224619310028,-4.43624669551025,9.1540936858239e-06,0.000352664874952965
"g998",3352.45691302128,-2.11634534434882,0.446168483661135,-4.7433770466768,2.1018453524388e-06,9.75770363977525e-05
"g999",10493.8822149481,-0.91680334742111,0.175291046915058,-5.23017783027658,1.69347058685395e-07,9.84501414141308e-06
"g1004",13001.7714409279,-1.08401281078291,0.354372096668141,-3.05896773751365,0.00222101067048788,0.0396464228399953
"g1007",9000.08858073064,-1.61650454623645,0.457007890042875,-3.53714800434802,0.00040447293615528,0.00988289897530521
"g1008",3078.18115496787,-1.45633815323489,0.395988909956244,-3.67772459434737,0.000235323842882211,0.00613553437623801
"g1009",4582.64442765489,-1.26556364859558,0.400338716223685,-3.16123221988968,0.00157103195319982,0.0302622961014879
"g1010",12669.3139577526,-1.16167811885728,0.28218281296446,-4.11675717118743,3.84240536247062e-05,0.00127154060533451
"g1012",28016.1064775511,-2.88614942716078,0.478755513260611,-6.0284411295953,1.65548677910482e-09,1.45344982116509e-07
"g1014",1815.57291441079,-1.02347343903251,0.176371954803851,-5.80292620882243,6.51674759318663e-09,5.12836246571138e-07
"g1017",2037.02987751631,-2.19035570991096,0.542002865695792,-4.04122533023716,5.31726353879299e-05,0.00168610818751013
"g1018",13480.2847769769,-1.57886494686138,0.172397670808487,-9.15827307559921,5.27344285152014e-20,1.62045365337426e-17
"g1019",1392.47834134073,-0.957163506123095,0.193735928981925,-4.94055754734269,7.78994966184904e-07,3.97379803698908e-05
"g1020",2940.97697745639,-1.58631718728544,0.406303141565586,-3.90427005110758,9.4510203397358e-05,0.00277847080876151
"g1021",1666.74593020986,-0.984543093935479,0.288188439731534,-3.4163170974264,0.000634742874399571,0.0144479568553807
"g1023",17313.0230115075,-2.28087073620475,0.405779862508311,-5.62095595899127,1.89903684073966e-08,1.36160941481034e-06
"g1026",10188.0477236833,-1.01490571345209,0.324003845346486,-3.13238786523277,0.00173390647219611,0.0326683166863693
"g1027",4672.20392608762,-1.76522111748736,0.26692126179477,-6.61326529635768,3.75933837058176e-11,4.37099288384939e-09
"g1029",1160.21432563811,-2.05914130777429,0.302520849854398,-6.80660955687961,9.99256410597459e-12,1.22822887954008e-09
"g1030",235.561008191157,-1.38061276824949,0.399705853519115,-3.45407192837987,0.000552190078340027,0.012726009198315
"g1036",342.334907793349,-1.99146990547554,0.51066114992581,-3.89978737517994,9.62772012381736e-05,0.00281758176684777
"g1037",14102.5976333939,-1.0360826778959,0.225040242661448,-4.60398844954409,4.14475460801308e-06,0.000175543571990219
"g1038",29697.6428245555,-1.44463828987414,0.365269016932532,-3.95499816000265,7.6535240797381e-05,0.00230247976161072
"g1040",5483.53379298526,-1.81115866150989,0.465861737350236,-3.88776007192936,0.000101173559472044,0.00292480262699541
"g1041",10100.7787216136,-2.73910824375722,0.415181438713458,-6.59737644400729,4.18497198055086e-11,4.82243289115976e-09
"g1044",81866.4910191156,-1.57869590568059,0.443169091054503,-3.56228793376394,0.000367636850589696,0.00910695046777469
"g1045",148.133861271749,-1.67086004366092,0.394580360217526,-4.23452409729619,2.2903622544163e-05,0.000803244979768933
"g1046",335.524374665998,-1.03814203265697,0.313470515541654,-3.31176930903098,0.00092707960073831,0.0195824702571663
"g1050",219.740800892423,-1.43293011934646,0.232805191837303,-6.15506083879721,7.50486799469603e-10,7.22819599548858e-08
"g1051",51.9501664027944,-2.26315922187032,0.603651893711352,-3.74911309886901,0.000177461046553025,0.00481158039246499
"g1052",3493.81223416169,-1.37942526585605,0.258382156287081,-5.33870173419952,9.36145038737176e-08,5.72601320850331e-06
"g1053",3179.69409604475,-2.34957012405123,0.327949062987038,-7.16443615557488,7.81073584219973e-13,1.13264445819584e-10
"g1054",489.246307182568,-1.63410897699362,0.363050059231189,-4.50105690783822,6.76163979215326e-06,0.000271011562601025
"g1055",2186.43057658559,-1.34041530461862,0.412017008408842,-3.25330090084178,0.00114072633207348,0.0234804051702398
"g1056",4470.23552129533,-1.86442062515651,0.343854843152917,-5.42211535559898,5.88978519822826e-08,3.80067838841669e-06
"g1057",1614.06154353588,-1.73735314106543,0.484059752488085,-3.58912950753573,0.000331783995351967,0.0083469868304337
"g1058",426.385208755916,-2.01846467352916,0.656579525593366,-3.07421202588526,0.00211059374341568,0.0381503121183791
"g1059",19203.4227933517,-1.21278961363998,0.157864195852608,-7.68248688114383,1.56029526071047e-14,2.83622121615906e-12
"g1060",12388.2926543768,-0.885990262479386,0.183591098718032,-4.82588899279988,1.3938013035128e-06,6.66237023079116e-05
"g1063",33614.2851201968,-1.33975269384393,0.382521667761357,-3.50242301745833,0.00046104699314863,0.0111012546521944
"g1064",509.878699581352,-1.47893764355991,0.402485389638381,-3.67451261992064,0.000238303866223129,0.00620070503523327
"g1069",34614.5184675211,-2.43048693208601,0.546408063664679,-4.44811688133789,8.6626391058108e-06,0.000335735796695478
"g1070",1389.70838489585,-1.75178367753892,0.295086705872956,-5.93650490745293,2.91162204687359e-09,2.44009052837341e-07
"g1072",850.114140331253,-0.799769230501155,0.160872105973559,-4.97145994118212,6.6450595690136e-07,3.44422244167428e-05
"g1073",969.792162401823,-3.13052249664012,0.286096081987731,-10.9422068099988,7.24154389001593e-28,7.18918195727274e-25
"g1074",2692.90743011795,-2.11549101844761,0.198614248874817,-10.6512550354883,1.72029913504338e-26,1.48014537579132e-23
"g1076",36722.1160041866,-1.93364977647842,0.260857426069256,-7.41266907987141,1.23782487213455e-13,1.97226762960105e-11
"g1078",24823.055342503,-2.11043450636483,0.158104907009314,-13.3483175587998,1.21154385807229e-40,2.60603083871349e-37
"g1081",8357.33791139873,-1.3087788574381,0.19080087596106,-6.85939648256757,6.91520669956468e-12,8.74977035927273e-10
"g1082",268.855902214841,-1.77655663744579,0.378756826115343,-4.6904940451285,2.72546161540435e-06,0.000122134748640307
"g1083",149.827442988832,-1.44445399175998,0.332283307597127,-4.34705553584801,1.37977292603601e-05,0.000505890607483544
"g1084",5694.54960162211,-2.60642908727443,0.819025253133886,-3.18235497294045,0.00146082655894098,0.028436542337394
"g1086",10429.6246355414,-2.08571949063714,0.300662979448564,-6.93706785738135,4.00321571749467e-12,5.27199000510063e-10
"g1089",2176.2587212891,-2.19927920243061,0.411186683960846,-5.34861484629212,8.86299275972985e-08,5.4469421217654e-06
"g1090",4495.76973908282,-1.48248593882847,0.365458921250343,-4.05650499310961,4.98124980916662e-05,0.00159128737715605
"g1092",2962.27548822663,-1.72763747316353,0.262398599296577,-6.58401941852921,4.57897280621703e-11,5.18387921377518e-09
"g1093",23257.0846806487,-0.828784694019186,0.209744115085548,-3.95140857077755,7.76925540181715e-05,0.00232645035303601
"g1096",208.958696196276,-2.74795450914788,0.740959398454182,-3.70864384051375,0.000208372278596617,0.00551076358108184
"g1097",9985.16603891883,-1.26193145961307,0.266472665519335,-4.73568820709496,2.1831300019498e-06,0.000100987368477291
"g1098",178.505924969222,-2.05267375116298,0.660868330285268,-3.10602529595711,0.00189620493717497,0.0349407759002871
"g1099",893.939658937011,-2.34247496210371,0.585337394968488,-4.00192262144779,6.28298479931047e-05,0.00196319027125493
"g1100",533.981010256092,-1.17066187487939,0.332201924407073,-3.52394669889054,0.000425169767156702,0.0103143628100083
"g1105",432.868473868162,-2.69352419554009,0.804413489648998,-3.34843240472683,0.000812701030399092,0.0176875539600855
"g1106",106.641643560884,-1.23445566535876,0.395855590855149,-3.11844948985569,0.00181805301217621,0.0339072141259337
"g1107",6780.70946058116,-0.903176042727002,0.205466361708967,-4.39573677761572,1.10397649532301e-05,0.000414183739786011
"g1108",65.0961839983006,-2.60795548354833,0.566583286239313,-4.60295166992763,4.16544917498305e-06,0.000175683944615461
"g1111",18939.2737304576,-1.85141417553549,0.183986238573835,-10.0627861620885,8.06820667347636e-24,4.16513101311543e-21
"g1112",13326.2079793603,-0.752234939008645,0.160552938060971,-4.68527669498629,2.79581972222182e-06,0.000124854149948079
"g1113",6615.60417864168,-0.874395802667208,0.189900830815946,-4.60448645174534,4.1348493336294e-06,0.000175543571990219
"g1115",7816.36520152618,-1.00420444964782,0.157443349024532,-6.37819543264002,1.79186765200876e-10,1.86498741264718e-08
"g1116",223.922068836207,-1.51494147067262,0.435149245591518,-3.48142961528819,0.000498744839689762,0.0118760164225758
"g1118",3746.49745235175,-1.61011201900636,0.464479399727147,-3.46648746952438,0.000527306312578898,0.0122179807363434
"g1120",154.31090117601,-1.53844572762173,0.40501913150591,-3.7984519938641,0.000145602622449753,0.00402387033262636
"g1123",3467.74455497603,-2.42704600905904,0.482648945501939,-5.02859486522859,4.9408705865351e-07,2.65695315790925e-05
"g1124",211.243550532444,-2.05177005948712,0.482328857995187,-4.25388202566887,2.10096020704404e-05,0.000740846787762578
"g1125",172.374434484383,-1.5840452499264,0.439987234977546,-3.60020728784833,0.000317963595276866,0.00807802787528197
"g1127",1882.13394017616,-1.1183901254578,0.182559435809794,-6.12616992650566,9.00196663152049e-10,8.54260156958849e-08
"g1128",2007.9960235219,-1.8874306580045,0.419498201873805,-4.49925804109236,6.81910444550652e-06,0.000271627660412676
"g1130",3247.18284873873,-1.43830371556061,0.369985931198283,-3.88745515512533,0.000101300695356187,0.00292480262699541
"g1131",1236.14921352653,-1.51527118453513,0.34386957684635,-4.40652877300686,1.05040360862819e-05,0.000397551582784617
"g1133",175.225610612227,-1.46959232955951,0.380350932229098,-3.86378001217656,0.000111645776835098,0.00315295491429709
"g1134",224.532144040206,-2.22079322215183,0.716591407287309,-3.09910668697347,0.00194105109870006,0.0356347161875149
"g1136",1097.30221407335,-1.61706279724561,0.465156337745441,-3.4763856063605,0.000508220986717088,0.0120130037629501
"g1137",845.216043696498,-1.04290609754998,0.325721350418016,-3.20183523803877,0.00136555078728638,0.0269889716090628
"g1138",2868.51347158407,-1.27991536213652,0.384385219033792,-3.32977257906476,0.000869169436368814,0.018633722169063
"g1139",1400.81628927713,-2.34738418035716,0.564914695261197,-4.1552896393885,3.24875728404225e-05,0.00110338056599603
"g1140",578.251650308502,-0.99718131610336,0.314537094053377,-3.17031388334165,0.00152274348401257,0.0295082994064057
"g1141",7490.32825318057,-1.69535040736577,0.221185089325474,-7.66484943689425,1.79041108382938e-14,3.20931186776417e-12
"g1143",39.0997400901548,-1.13131216952253,0.342050084205374,-3.30744596116885,0.000941508749774768,0.0197900845677413
"g1144",1551.54767950259,-1.12665244822522,0.238563225542582,-4.72265767560273,2.32782487165067e-06,0.000106535134019587
"g1146",471.728913409534,-1.53850129297822,0.343963744462025,-4.47285889210362,7.71807111740603e-06,0.000301846744973461
"g1147",376.624771140774,-1.64850032529187,0.273139142659478,-6.03538661372695,1.58582548723369e-09,1.40182628344096e-07
"g1149",1966.016262131,-1.99119239293464,0.519288615318602,-3.8344618660915,0.000125839492456195,0.00349265481642937
"g1150",12479.1655001352,-1.13896843715848,0.16974300377133,-6.7099580651515,1.94680353412479e-11,2.34817256181445e-09
"g1153",756.039044980743,-1.66734185378071,0.44527033115746,-3.74456085912244,0.000180709570993548,0.00486897228234389
"g1154",29.4694879424186,-3.76376976066913,0.848599164664729,-4.43527394014835,9.19552812868115e-06,0.000353206803657021
"g1156",10520.4884171427,-2.01247490710476,0.332850676699881,-6.04617940710794,1.48320930148084e-09,1.3201585686146e-07
"g1158",2368.70512192515,-2.67422914031615,0.238387351117774,-11.21799930985,3.32712358117574e-29,4.29398569386541e-26
"g1161",17612.2101069043,-1.19079807287199,0.291504298311967,-4.08501034038818,4.4074853750607e-05,0.00142563925439933
"g1163",3134.66150556083,-1.99833391541538,0.434061893006293,-4.60379947563472,4.14851925127978e-06,0.000175543571990219
"g1164",50209.7728451108,-0.956536529840973,0.177017113839489,-5.40363871658374,6.53024103422124e-08,4.13133778370879e-06
"g1166",3110.95220893583,-2.52123472639615,0.239012944512099,-10.5485279533407,5.15991558167039e-26,3.69965947205767e-23
"g1171",7849.85351851052,-1.8002098642999,0.315737741570327,-5.70159859681814,1.18689052071913e-08,9.11786253595302e-07
"g1173",71.4546462661973,-1.3430745218852,0.343558367420891,-3.90930522801038,9.25619508851546e-05,0.00272740762128723
"g1175",5825.05114805846,-2.42321719136098,0.245947964524726,-9.85256046352587,6.68196278244647e-23,3.07990755965194e-20
"g1177",810.821451510127,-1.96465809770575,0.47603867518742,-4.12709765006435,3.67370422313856e-05,0.00122198006968624
"g1183",6319.36251943986,-0.742228797191699,0.233711271560689,-3.17583654496082,0.00149405108586478,0.0289958245325878
"g1185",2770.18927243161,-0.675933615902807,0.125519925743191,-5.38507023407374,7.24163656702292e-08,4.5150029726569e-06
"g1187",5708.56496848747,-0.88292217769761,0.11614058860995,-7.6021844582073,2.91173295094133e-14,5.01051006197984e-12
"g1188",5948.36353689634,-1.82697833773019,0.277206024311768,-6.59068771057956,4.3779389196691e-11,5.00014864577428e-09
"g1190",31.0169748721691,-1.52640516523497,0.385041029048956,-3.96426627314279,7.36220393488377e-05,0.00223043671323028
"g1191",886.457540190272,-2.13776357020985,0.436604553495513,-4.89633823810273,9.7638950623996e-07,4.84664729520497e-05
"g1192",1517.55644953999,-2.19636824692548,0.296259141026007,-7.41367250076741,1.22849070461479e-13,1.97226762960105e-11
"g1193",325.28223371355,-2.37261779466135,0.324121747696321,-7.32014377783848,2.47705413742257e-13,3.71730938343904e-11
"g1197",699.284973648186,-1.80365974931997,0.359541588185187,-5.01655388024534,5.26065281434006e-07,2.81717781003622e-05
"g1198",56.889096981244,-2.02875904487205,0.484009427687217,-4.19156927286777,2.77031572436515e-05,0.000950896136666398
"g1199",189.755974621839,-1.55450693513053,0.387652184154556,-4.01005591783472,6.07043700555591e-05,0.00190620583926288
"g1204",23159.3220333436,-1.53161048132827,0.29769355681363,-5.14492318114608,2.67630303221676e-07,1.51492837428901e-05
"g1207",2503.4208080622,-1.39246546564283,0.229870464624886,-6.0576093058111,1.38159458570932e-09,1.23825414744198e-07
"g1209",9331.34788274002,-1.2096322180757,0.342182037812717,-3.53505469137967,0.000407690767440841,0.00992765480111602
"g1210",157.256982576687,-2.51639408635269,0.432262542309593,-5.82144840241653,5.83398168401374e-09,4.64773874159761e-07
"g1211",335.464214225743,-1.02652488474481,0.276784622308922,-3.70874969924843,0.000208285196302546,0.00551076358108184
"g1213",6571.90094337264,-2.00427206906296,0.13821334702886,-14.5012917503869,1.18891238571667e-47,5.11470108335312e-44
"g1216",915.379174637734,-2.33091697912284,0.501037461721151,-4.65218103875053,3.28442528405083e-06,0.000144179567061088
"g1217",47877.5352538002,-1.50139776374139,0.387167232654788,-3.87790504234147,0.00010535982267223,0.00302171971423956
"g1219",1814.74870397545,-1.03874294052156,0.242479453646689,-4.28383900120084,1.83695860298691e-05,0.000653107100004108
"g1220",20794.2978525873,-2.24708336138237,0.266950437682085,-8.41760508390121,3.84258558038078e-17,9.18377953711007e-15
"g1221",1299.32191489088,-1.28817754992472,0.389076350984897,-3.31086057187456,0.000930095389982036,0.0196140704299153
"g1223",560.30983335009,-1.10294698071599,0.251097428949394,-4.3925060695794,1.12051500946496e-05,0.000418638445473527
"g1224",3364.70754404597,-1.75524677534767,0.203804842504562,-8.61238994018692,7.15529798310525e-18,1.77588991865301e-15
"g1230",682.730049394464,-0.884668259749381,0.250471685219845,-3.53200905313064,0.000412415236112772,0.0100237872641647
"g1233",5050.53747408577,-1.47402394294297,0.304815782773059,-4.83578615757048,1.32620435375827e-06,6.36282282141423e-05
"g1236",112.360076154881,-1.32583325371873,0.290340321790974,-4.56647993478923,4.95982489406632e-06,0.000204509584929137
"g1243",5619.56193462566,-1.45952760712005,0.317655973077807,-4.59468019120972,4.33413466250364e-06,0.000182203068254957
"g1246",97.0946021747855,-2.12184470114247,0.379435290322726,-5.59211216051555,2.24323826741116e-08,1.5907270922642e-06
"g1248",1917.8385583052,-1.24302005022254,0.224371452540336,-5.54000981920406,3.02454687401485e-08,2.08742256449388e-06
"g1250",19397.6412051238,-1.25849622518886,0.209213584967202,-6.01536571053047,1.79481038559898e-09,1.55461898231815e-07
"g1251",10282.0034853534,-1.03290414368772,0.319486982142812,-3.23300854626374,0.00122493898112247,0.0247790948124868
"g1253",3973.2490581543,-1.28592791334074,0.296059503348601,-4.34347791169062,1.40244584318654e-05,0.000512746913659078
"g1257",6188.60162575774,-2.71259368507889,0.66231979785263,-4.09559504920984,4.21085417920674e-05,0.00136889884223784
"g1260",8166.4629567857,-0.661313061456543,0.20749777936766,-3.18708500626784,0.00143714529957224,0.0281286388685271
"g1262",3661.70548769701,-1.56760748412831,0.261417926755606,-5.99655694459637,2.01544956411546e-09,1.73409280496494e-07
"g1263",1969.33003672413,-2.49361369785931,0.470781820688214,-5.29675018932128,1.17881787932813e-07,7.04343682898559e-06
"g1267",9951.71971600617,-1.10184892537798,0.221312971703077,-4.97869111285654,6.40157127283686e-07,3.3584828799688e-05
"g1268",324.670898411417,-0.97307450404545,0.289908582075965,-3.35648740398612,0.000789393166121086,0.0172969578980624
"g1271",88.1243455323874,-1.65543809400856,0.48482713148119,-3.41449144760329,0.000639011996573339,0.0145195225841118
"g1272",33202.5569226856,-1.27364697336955,0.269630627845784,-4.72367321007023,2.3162250553292e-06,0.000106381496669319
"g1274",9732.83108905851,-2.83614783278701,0.436918483692055,-6.49125166054078,8.51261421447594e-11,9.390068295045e-09
"g1285",42.1979008825699,-2.02465998418663,0.651028945918401,-3.10993850101466,0.00187126300383428,0.0346492400681279
"g1293",142.551605666953,-1.5339702073918,0.289442462479819,-5.29974142096981,1.15966802114319e-07,6.96124440970885e-06
"g1294",529.50660608975,-1.88903746199238,0.250243811465511,-7.5487879237834,4.39327572315398e-14,7.46047585302963e-12
"g1295",98.6234859303305,-2.26527141080729,0.400051874074098,-5.66244419189426,1.4923191847131e-08,1.10056407988042e-06
"g1296",25.2248423436815,-2.01573922460956,0.629192543320894,-3.20369217023844,0.00135677458866379,0.0268566454621087
"g1297",5929.34834995386,-0.998929694544689,0.295401171268426,-3.38160370270495,0.0007206402620901,0.0160354883147152
"g1298",124.019808531599,-0.947441539755445,0.313885850953681,-3.01842703924636,0.00254090576800923,0.0447379670421924
"g1299",8300.43618987044,-0.868019534237762,0.153140880830621,-5.66811115052826,1.44380297168201e-08,1.07709370823861e-06
"g1449",509.135434606215,-0.926439417685172,0.299554366569671,-3.09272546514423,0.00198327514620946,0.0362551686076194
"g1476",99.2779700434427,4.10468318617444,1.31585876140919,3.11939495829979,0.00181222863794703,0.033847500436099
"g1516",7362.62793027878,1.11217810947576,0.273846664778134,4.06131697962007,4.87966643928309e-05,0.00156270409591532
"g1705",73.1392094482387,2.67528949074015,0.861393059099169,3.10577089341528,0.00189783696777478,0.0349407759002871
"g1886",1202.10585210325,1.65646937139235,0.425662039990156,3.89151302152914,9.96210415540516e-05,0.00290227801872819
"g1997",3014.2724784268,0.82255827437805,0.232165935488155,3.54297572832349,0.000395639114169821,0.00974450077762541
"g2207",741.257123700503,-3.06931415129021,1.02693109327128,-2.98882190966964,0.00280055315218377,0.0491086127473964
"g2449",307.825781752295,-1.95536748111394,0.494207083250868,-3.9565751835276,7.60319662442857e-05,0.00229268354287092
"g2610",7565.42624135322,-0.99741730255094,0.278785121414441,-3.57772788407952,0.000346594003921046,0.00863540968070466
"g2670",24646.6691649448,0.504430633086167,0.161427520501987,3.1248118754321,0.00177918805450046,0.0334238734081266
"g2724",28847.2806800541,-0.724361963043801,0.208641229503217,-3.47180643427253,0.000516968944119357,0.0121309112596444
"g2866",208.338141955213,3.81739613179557,1.15109303654474,3.31632284324672,0.000912103950932583,0.0193294147631132
"g2891",239.734440155306,-1.79120047653631,0.488175597285232,-3.66917249960314,0.000243336850230235,0.00631892432408736
"g2917",500.418977357398,-2.67316152291525,0.631657866157499,-4.23197693899805,2.31646164739852e-05,0.000808006865441223
"g3005",2670.62228998598,-1.22238785732237,0.352421466716036,-3.46853972521291,0.000523295154044163,0.0122179807363434
"g3031",211.913134359847,-2.53815095428886,0.732144133673638,-3.46673672239007,0.000526817620718282,0.0122179807363434
"g3077",111.688214657243,-8.005974640956,2.47819729890413,-3.23056386369894,0.00123546300387334,0.0249382905076087
"g3119",40.036012220359,6.57584437011454,1.51469131605142,4.34137589648088,1.41593246475821e-05,0.000516215378253376
"g3202",72.1112968589762,-1.82171352214838,0.522375312623245,-3.48736526808698,0.000487804634761528,0.0116369808063443
"g3249",518.232319583122,2.732045924412,0.73014556052007,3.7417825597214,0.000182719581405722,0.00491287274504634
"g3538",1291.65585587983,1.22105619701871,0.362549660889078,3.36796949147414,0.000757239750827379,0.016705873887484
"g3661",7056.54870925115,2.89245289885486,0.718687793856029,4.02463061649589,5.70648147351096e-05,0.0017981287972006
"g3687",60.2349758294095,-1.5134119255475,0.403898995604477,-3.7470059148885,0.000178957867898314,0.00484199212389023
"g3707",518.00629375933,0.72153879195066,0.229974402355869,3.1374743647953,0.00170410175190054,0.0322007865446975
"g3795",172.665577044018,2.2868448820277,0.731596093085147,3.12582981735736,0.00177304125231315,0.0333569539392909
"g3804",454.591696692067,1.19814872399776,0.372552752258318,3.21605119472314,0.00129967644821166,0.0259134196526812
"g3872",7316.86236993417,-1.41513612956281,0.267778440597545,-5.28472765172935,1.25891906934695e-07,7.41899977579529e-06
"g3873",66.206649808623,23.5138388055191,3.02669948039563,7.76880524737312,7.92298758033571e-15,1.52618026435541e-12
"g4157",127.431119334043,2.41820555928928,0.751990677960819,3.21573874538811,0.00130109220013462,0.0259134196526812
"g4752",24377.1820036542,1.17325077806657,0.372873772103982,3.14650926356759,0.00165232027264966,0.0313140167970873
"g4779",590.087566931789,-0.802980424397773,0.260270658911562,-3.08517459384701,0.00203432695807413,0.0370310630760292
"g4792",23069.1576082455,1.54946920154637,0.484213717441503,3.1999696533454,0.00137442058106004,0.0270813313269631
"g4876",63.1623158466775,1.84261400884479,0.541588706932805,3.40223860885158,0.000668362564653524,0.015001543059858
"g4890",9406.70655590456,4.07616754738464,0.681472478791528,5.98141183135232,2.21211787773144e-09,1.87826271907908e-07
"g4954",1791.55499966232,1.38074086787991,0.399393814482517,3.45709126634546,0.000546039884592788,0.0126067813068954
"g5023",184.477521029181,-1.95624625163422,0.49891810076946,-3.92097670663218,8.81907883688391e-05,0.00261052824469779
"g5032",1098.0246385173,-1.05116077166825,0.347879654877465,-3.02162186529276,0.00251424411877652,0.0443290090121991
"g5163",53.7869668046878,3.8396364458896,1.1754529080293,3.26651660790642,0.0010887942115595,0.0225191956640816
"g5197",3835.19086487038,0.549793578287107,0.158038341828104,3.47886197695688,0.00050354786569326,0.0119683034155382
"g5346",147.277159671378,1.95009888589052,0.546867659780879,3.56594296812484,0.000362550215847853,0.0089982174725623
"g5368",5252.09557562499,-0.597047011136964,0.132206547251558,-4.51601697154169,6.30136163992909e-06,0.00025414179164039
"g5395",137.362378032247,10.7079499061067,3.02643399788498,3.53814089902173,0.000402954972742042,0.00986819141975104
"g5413",18553.9304058501,0.931102890123817,0.290502798135506,3.20514258760944,0.00134995587578462,0.0267627197125596
"g5438",51.4247939846736,2.48325850846533,0.809764922680418,3.06664124230702,0.00216478506450875,0.0388530968642119
"g5511",19794.7742590948,0.372502102299879,0.124903231121185,2.98232558882696,0.00286067591555997,0.0499592467743125
"g5597",20530.1502723541,-0.493884915711831,0.158558606372261,-3.11484142684943,0.00184043821743556,0.0342204970255934
"g5609",170827.802310208,-1.54039164098829,0.388849139609331,-3.96141198238446,7.45078476933934e-05,0.00225198660967432
"g5630",13085.2596674734,-0.535726272727209,0.159478053558962,-3.3592476254367,0.000781550012686573,0.0171542252784573
"g5684",1885.35093285301,1.46900880244417,0.467875543454453,3.13974265805405,0.0016909630553626,0.031999368317463
"g5989",4634.69491618008,-1.04228348885884,0.321550994600241,-3.24142517473667,0.00118933652119017,0.0242489370339342
"g6009",1039.42212491916,3.64199213672586,0.669743978534662,5.43788709335498,5.39161213087245e-08,3.5684177518482e-06
"g6110",4796.68424024317,-1.35298508981071,0.33970072775043,-3.98287368640762,6.80869475985922e-05,0.00209720798498194
"g6140",46486.7097235983,0.541741362584787,0.167748869832831,3.22947846459207,0.00124016221095639,0.0249696310368223
"g6192",2258.79989721997,0.639598797816384,0.179025066929329,3.57267732830323,0.00035335005056506,0.00878677408977393
"g6310",66428.6397022845,0.670790427136015,0.177459988028036,3.77995307330935,0.000156857919273631,0.00427416789824102
"g6313",9529.68366258241,-0.974691273121869,0.316880143887351,-3.07589885931245,0.00209869021334219,0.037988353286668
"g6496",63.7494156924748,3.75559043350411,1.21717618929091,3.08549449664473,0.0020321398476137,0.0370310630760292
"g6500",1096.85580946442,1.28222023314035,0.390786268723974,3.28112918943432,0.00103392375322326,0.0215222902566119
"g6554",20505.0464955103,0.590572420624633,0.161116700971497,3.66549474426682,0.000246860881559647,0.00639756332813012
"g6559",920.004535706938,-1.13987265492414,0.352870730252153,-3.2302839459357,0.00123667332441264,0.0249382905076087
"g6922",37.5670532806489,8.71181307044061,2.36506555821576,3.68353978187942,0.000230017366739627,0.00602150940190999
"g7136",543.491025917622,-1.01991947096045,0.317056715182573,-3.21683604894833,0.00129612643224494,0.0258944392175745
"g7247",102.395896435053,2.77469895332409,0.784534126693428,3.53674729870401,0.000405087057022816,0.00988289897530521
"g7317",5714.64684512186,0.862675045724231,0.227569377156008,3.79082219455579,0.000150149417638126,0.00413183024315063
"g7414",79705.3831077198,-0.905995090273213,0.268838682489048,-3.37003247406601,0.00075159325725094,0.0166350120390385
"g7593",955.313565536761,1.84666350526669,0.551752587398714,3.34690502127584,0.000817192042646194,0.0177553543811309
"g7762",188.578085666814,2.09448541352046,0.385843808431531,5.42832453897502,5.68855314946075e-08,3.68926969582615e-06
"g7833",42.2677950003738,2.75285984192164,0.874435948375773,3.14815493008374,0.00164304584640129,0.0311840436671397
"g8042",22486.9476915117,0.957329795897433,0.313638331113502,3.05233672331647,0.00227067225502427,0.0404769283471592
"g8182",6202.27604456146,-1.30562486677467,0.430261547359163,-3.03449117121496,0.00240941807503043,0.0428318866065327
"g8354",48.0282969722787,-3.82764570459098,1.15073571151208,-3.32625959748952,0.000880199103937355,0.0187498739871109
"g8516",3483.91661136512,0.800038079248852,0.253183429497223,3.15991485239609,0.00157815252093209,0.0303302204097008
"g8602",18.6402258149199,2.71146332076375,0.8752202363418,3.09803545230739,0.00194808122644866,0.0357129777110034
"g8747",884.262400926785,-1.20869044244662,0.353708697690517,-3.4171917465942,0.000632706997871871,0.0144270609797427
"g8868",399.858725719737,2.56322460507406,0.757499643806206,3.38379644932192,0.000714909829421092,0.0159354512236764
"g8871",60.9225198918483,1.84174939760977,0.550929104590231,3.34298802198809,0.000828814773027132,0.0178932624414264
"g9159",931.791911495311,-1.60134397072272,0.452318526341701,-3.54030152970784,0.000399670116366793,0.00982503337491397
"g9379",268.628124602808,-0.825606101072219,0.261448608049429,-3.15781410056744,0.00158956889311161,0.0304376500511847
"g9387",41.4403025243616,-2.34136278554177,0.762918578802318,-3.06895499807778,0.00214808946422784,0.0386117585310925
"g9390",28173.72636917,0.631727200309313,0.210849931737649,2.99609867123573,0.00273457932500963,0.0480169806375161
"g9438",195978.869299283,-1.37152717958548,0.382544434247429,-3.58527547860852,0.000336722583468526,0.00843833332474718
"g9512",94.3638681898922,2.04140496774011,0.6739243043638,3.02913094916088,0.00245258350674893,0.0434198117120736
"g9572",644.352550976562,-1.6009882514923,0.471099077180681,-3.39841092679167,0.000677785300957519,0.0151866268995794
"g9598",527.298078021573,0.779650842663818,0.251181706200719,3.10393162964185,0.00190967455508836,0.0351086322050861
"g9632",17892.5597329361,-0.972358971329034,0.30511903997801,-3.18681840175924,0.00143847060694467,0.0281286388685271
"g9663",680.991007545734,3.21924450278001,0.926801212136965,3.47350053131379,0.000513716346245248,0.0121207004838047
"g9794",1302.75564017068,-0.942331988789581,0.289705826570218,-3.25272018152241,0.00114305999133093,0.0234909749173838
"g9819",31.0801101671267,-7.85279052911025,1.73158268566637,-4.53503641155215,5.7593548674571e-06,0.000235222259238612
"g9862",515.199837350479,1.1732900229732,0.335281101820735,3.49942187794563,0.000466268213782239,0.0111858880974659
"g9869",95.2039960156857,2.35623159135525,0.571200757351805,4.12504983760734,3.70654486310382e-05,0.00122973439596961
"g9886",233.172591522295,-2.10334302247666,0.59754215988017,-3.51999099594656,0.000431561448798878,0.0104302098468133
"g9896",57.52534271587,-2.41817666913354,0.506450529732331,-4.77475395358277,1.79927100729629e-06,8.47496044531605e-05
"g10003",13907.3312302953,0.670542523113126,0.178987254853452,3.74631435999251,0.000179451690145128,0.00484519563391846
"g10137",654.240558605575,1.0593240341878,0.32531952826412,3.25625713230395,0.00112891464467401,0.0233116358466605
"g10143",2212.11100565062,-1.54928174254315,0.446193542614804,-3.47221910353965,0.000516174872119405,0.0121309112596444
"g10329",102.562262805115,-3.14019108769711,0.859130461459189,-3.65508060599278,0.000257101186000712,0.00662304971362314
"g10433",335.446900252189,-2.01002502053443,0.580516582530823,-3.46247649252587,0.000535228667146006,0.0123793211078608
"g10516",129.077322838456,2.41572221774492,0.732147654894796,3.29950140739307,0.000968567418877859,0.0202927453052559
"g10595",820.388505695893,-1.53196807119834,0.44543673268059,-3.43924952479586,0.000583329301740267,0.0133483120004608
"g10719",4097.43704463067,-1.38272387347207,0.415319801233744,-3.32929917948668,0.000870648255613441,0.0186344716201444
"g10729",2358.47651586552,-1.46108614352406,0.46162540196562,-3.16509043328788,0.00155034757065506,0.0299084988742515
"g11075",5049.35734013465,1.45877249708454,0.420665202136282,3.46777553664147,0.00052478543523254,0.0122179807363434
"g11184",5724.58385371208,-0.496852532794531,0.154587827867475,-3.21404692496535,0.00130878282618588,0.0260264270489291
"g11324",8704.71119081092,0.847748629733478,0.219706612776726,3.85854853897817,0.000114062416304465,0.0032141693118459
"g11340",1256.69363954806,-3.21165065744109,0.683504012792438,-4.6988029292176,2.61690814873262e-06,0.000118090267718683
"g11366",147.54109860809,-1.61796388608246,0.512130989149601,-3.15927745120268,0.00158160842520755,0.0303302204097008
"g11455",147.705984854537,1.91329856687408,0.582534399298682,3.28443877164596,0.00102185698775356,0.0213054705718053
"g11509",2226.37198516742,-3.51918445422926,0.88585228210889,-3.97265382197963,7.10763081702609e-05,0.00216351805814456
"g11548",865.817149589332,-3.67679388511782,0.65385873691571,-5.62322360707677,1.87426537554379e-08,1.35385946428909e-06
"g11558",287.399477595348,-1.49882320738667,0.445839372364401,-3.36180090923336,0.000774359335579437,0.0170253519335404
"g11568",735.210365198882,0.850982758738958,0.261498936859863,3.25424940138475,0.00113692418851677,0.0234395264808265
"g11688",333.051448542007,2.25123924037081,0.594749050699529,3.78519181783133,0.00015359006407995,0.00421751780216136
"g11785",14092.9774074662,-0.834556684982521,0.271828315216429,-3.07016097391491,0.00213943426346466,0.0385636014026186
"g11819",970.280005754819,0.901923972778512,0.298309180089103,3.0234536279075,0.0024990732580618,0.0441218050185302
"g11997",22226.4240403649,0.832814956555279,0.254866333054225,3.26765385829948,0.00108442905131188,0.0224649138623293
"g12134",495.037435526168,1.97400759018141,0.348212079098392,5.66898079840484,1.43649462737437e-08,1.07709370823861e-06
"g12141",821.740066724224,-2.67354523419231,0.525000293900654,-5.09246426193092,3.53439350728838e-07,1.96023964543166e-05
"g12189",1172.61503370174,-1.20331825776834,0.37991657376985,-3.16732235666375,0.00153849673901302,0.029724309751051
"g12222",163.014535706263,-1.81875697049635,0.56727526751176,-3.20612773843282,0.00134534252071606,0.0267122931882484
"g12277",21627.8773240988,-0.975105999053468,0.292578939890196,-3.33279626831454,0.000859778758239312,0.0184938410897276
"g12395",40.1004179978654,5.02668404482447,1.44571754548576,3.47694752721253,0.000507157062044251,0.0120098514545745
"g12403",1274.24131099276,-1.10093170502997,0.356248226563375,-3.09034999458198,0.00199920760911767,0.0364947290003857
"g12504",1253.49793074378,1.02742846329074,0.186812561841553,5.49978252619949,3.80259957700028e-08,2.55605990316488e-06
"g12653",9499.77362003082,0.671394908613526,0.173600154042883,3.86747876069094,0.000109966402808512,0.00313295009855775
"g12844",1427.68774214477,0.637422352417304,0.192238806097995,3.31578397387869,0.000913864413938057,0.0193349739775157
